"sex_group","frequency","proportion","name"
"1",163969,0.473894735016748,"Male"
"2",182034,0.526105264983252,"Female"
